Module,Sub-Module,Path,Description,Features,Status,Priority,User Roles,API Endpoints,Database Tables,Test Coverage,
Dashboard,Main Dashboard,/dashboard,Central dashboard with key metrics and KPIs,"Real-time analytics, KPI widgets, Quick actions, System overview",Complete,High,admin|hr_manager|employee|crm_manager|sales_rep|customer_support|finance_manager|it_admin|viewer,/api/dashboard/stats,/api/dashboard/kpis,dashboard_stats|kpi_metrics,100%
Dashboard,Home,/home,Landing page with system overview and quick access,"Welcome screen, Quick navigation, System announcements, Recent activities",Complete,High,admin|hr_manager|employee|crm_manager|sales_rep|customer_support|finance_manager|it_admin|viewer,/api/home/overview,/api/home/announcements,home_content|announcements,100%
CRM,CRM Overview,/crm,Main CRM dashboard with customer insights,"Customer analytics, Lead pipeline, Sales metrics, Performance indicators",Complete,High,admin|crm_manager|sales_rep|customer_support,/api/crm/overview,/api/crm/analytics,crm_overview|customer_analytics,100%
CRM,Leads Management,/crm/leads,Complete lead lifecycle management,"Lead capture, Lead scoring, Lead nurturing, Conversion tracking, Lead assignment",Complete,High,admin|crm_manager|sales_rep,/api/crm/leads,/api/crm/leads/{id},leads|lead_activities|lead_scores,100%
CRM,Customer Management,/crm/customers,Comprehensive customer database and relationship management,"Customer profiles, Contact history, Account management, Customer segmentation, Communication tracking",Complete,High,admin|crm_manager|sales_rep|customer_support,/api/crm/customers,/api/crm/customers/{id},customers|customer_contacts|customer_history,100%
CRM,Advanced Analytics,/crm/analytics,Advanced CRM analytics and reporting,"Sales forecasting, Customer behavior analysis, ROI tracking, Performance reports, Custom dashboards",Complete,Medium,admin|crm_manager,/api/crm/analytics,/api/crm/reports,crm_analytics|sales_forecasts,100%
CRM,Email Integration,/crm/email,Email marketing and communication tools,"Email campaigns, Template management, Email tracking, Automated workflows, Integration with leads/customers",Complete,Medium,admin|crm_manager|sales_rep,/api/crm/email,/api/crm/campaigns,email_campaigns|email_templates|email_logs,100%
CRM,Lead Scoring,/crm/scoring,Intelligent lead scoring and qualification,"Automated scoring, Qualification criteria, Lead prioritization, Conversion probability, Custom scoring rules",Complete,Medium,admin|crm_manager,/api/crm/scoring,/api/crm/qualification,lead_scores|scoring_rules|qualification_criteria,100%
CRM,Real-time Notifications,/crm/notifications,Real-time alerts and notifications,"Lead alerts, Customer updates, Sales notifications, System alerts, Push notifications",Complete,Medium,admin|crm_manager|sales_rep|customer_support,/api/crm/notifications,/api/crm/alerts,notifications|alert_settings|notification_logs,100%
ERP,ERP Overview,/erp,Main ERP dashboard with business metrics,"Business overview, Financial metrics, Inventory status, Order tracking, Performance indicators",Complete,High,admin|finance_manager|it_admin,/api/erp/overview,/api/erp/metrics,erp_overview|business_metrics,100%
ERP,Products Management,/erp/products,Complete product catalog and inventory management,"Product catalog, SKU management, Pricing, Categories, Stock levels, Product variants",Complete,High,admin|finance_manager,/api/erp/products,/api/erp/products/{id},products|product_categories|inventory|pricing,100%
ERP,Orders Management,/erp/orders,Order processing and fulfillment,"Order creation, Order tracking, Status updates, Fulfillment, Shipping, Order history",Complete,High,admin|finance_manager,/api/erp/orders,/api/erp/orders/{id},orders|order_items|order_status|shipping,100%
ERP,Invoice Management,/erp/invoices,Invoice generation and payment tracking,"Invoice creation, Payment processing, Payment tracking, Overdue management, Financial reporting",Complete,High,admin|finance_manager,/api/erp/invoices,/api/erp/invoices/{id},invoices|invoice_items|payments|payment_history,100%
ERP,Vendor Management,/erp/vendors,Supplier relationship management,"Vendor profiles, Supplier evaluation, Purchase orders, Vendor performance, Contract management",Complete,High,admin|finance_manager,/api/erp/vendors,/api/erp/vendors/{id},vendors|vendor_contracts|purchase_orders,100%
ERP,Inventory Management,/erp/inventory,Advanced inventory tracking and management,"Stock tracking, Warehouse management, Reorder points, Inventory valuation, Stock transfers",Complete,High,admin|finance_manager,/api/erp/inventory,/api/erp/stock,inventory|warehouses|stock_movements|inventory_valuation,100%
ERP,Manufacturing Management,/erp/manufacturing,Production planning and work order management,"Production planning, Work orders, Bill of materials, Production scheduling, Quality control",Complete,Medium,admin|finance_manager,/api/erp/manufacturing,/api/erp/workorders,manufacturing|work_orders|bill_of_materials|production_schedule,100%
ERP,Procurement Management,/erp/procurement,Purchase requisition and procurement process,"Purchase requisitions, RFQ management, Supplier selection, Purchase orders, Procurement analytics",Complete,Medium,admin|finance_manager,/api/erp/procurement,/api/erp/requisitions,procurement|purchase_requisitions|rfq|supplier_evaluation,100%
ERP,Customer Management,/erp/customers,ERP customer database and order history,"Customer database, Order history, Credit management, Customer analytics, Account management",Complete,Medium,admin|finance_manager,/api/erp/customers,/api/erp/customers/{id},erp_customers|customer_orders|credit_limits,100%
ERP,Financial Management,/erp/financial,Accounting and financial reporting,"General ledger, Accounts payable/receivable, Financial statements, Budgeting, Cost analysis",Complete,High,admin|finance_manager,/api/erp/financial,/api/erp/accounts,financial|general_ledger|accounts_payable|accounts_receivable,100%
ERP,Logistics Management,/erp/logistics,Supply chain and logistics management,"Shipping management, Route optimization, Delivery tracking, Logistics analytics, Cost optimization",Complete,Medium,admin|finance_manager,/api/erp/logistics,/api/erp/shipping,logistics|shipping|delivery_tracking|route_optimization,100%
ERP,Quality Management,/erp/quality,Quality control and compliance,"Quality standards, Inspection procedures, Quality reports, Compliance tracking, Corrective actions",Complete,Medium,admin|finance_manager,/api/erp/quality,/api/erp/inspections,quality|quality_standards|inspections|compliance,100%
ERP,Advanced Analytics,/erp/analytics,Business intelligence and ERP analytics,"Business analytics, Performance metrics, Predictive analytics, Custom reports, Data visualization",Complete,Medium,admin|finance_manager,/api/erp/analytics,/api/erp/reports,erp_analytics|business_intelligence|predictive_models,100%
HR,HR Dashboard,/hr,Main HR dashboard with employee metrics,"Employee overview, HR metrics, Performance indicators, Workforce analytics, Quick actions",Complete,High,admin|hr_manager|employee,/api/hr/dashboard,/api/hr/metrics,hr_dashboard|employee_metrics,100%
HR,Employee Management,/hr/employees,Complete employee lifecycle management,"Employee profiles, Onboarding, Offboarding, Employee records, Performance tracking, Career development",Complete,High,admin|hr_manager,/api/hr/employees,/api/hr/employees/{id},employees|employee_profiles|performance_records,100%
HR,Attendance Management,/hr/attendance,Employee attendance and time tracking,"Time tracking, Attendance monitoring, Leave balance, Overtime management, Attendance reports",Complete,High,admin|hr_manager|employee,/api/hr/attendance,/api/hr/timesheets,attendance|timesheets|leave_balances|overtime,100%
HR,Leave Management,/hr/leave,Leave request and approval system,"Leave requests, Approval workflow, Leave calendar, Leave policies, Leave reports",Complete,High,admin|hr_manager|employee,/api/hr/leave,/api/hr/leave/{id},leave_requests|leave_policies|leave_calendar,100%
HR,Payroll Management,/hr/payroll,Payroll processing and management,"Payroll calculation, Salary processing, Tax calculations, Benefits administration, Payroll reports",Complete,High,admin|hr_manager|finance_manager,/api/hr/payroll,/api/hr/salary,payroll|salary_records|tax_calculations|benefits,100%
HR,Performance Management,/hr/performance,Employee performance evaluation system,"Performance reviews, Goal setting, KPI tracking, Performance analytics, Development plans",Complete,Medium,admin|hr_manager|employee,/api/hr/performance,/api/hr/reviews,performance|performance_reviews|goals|kpis,100%
HR,Recruitment Management,/hr/recruitment,End-to-end recruitment process,"Job postings, Candidate management, Interview scheduling, Hiring workflow, Recruitment analytics",Complete,Medium,admin|hr_manager,/api/hr/recruitment,/api/hr/jobs,recruitment|job_postings|candidates|interviews,100%
HR,Training Management,/hr/training,Employee training and development,"Training programs, Course management, Skill tracking, Certification, Training analytics",Complete,Medium,admin|hr_manager|employee,/api/hr/training,/api/hr/courses,training|courses|skills|certifications,100%
HR,Employee Self Service,/hr/self-service,Employee self-service portal,"Personal information, Leave requests, Payroll access, Benefits enrollment, Document access",Complete,Medium,employee,/api/hr/self-service,/api/hr/profile,self_service|employee_portal|personal_info,100%
HR,Onboarding Management,/hr/onboarding,New employee onboarding process,"Onboarding checklist, Document collection, Training assignments, Welcome workflow, Progress tracking",Complete,Medium,admin|hr_manager,/api/hr/onboarding,/api/hr/onboarding/{id},onboarding|onboarding_checklists|welcome_workflow,100%
HR,Offboarding Management,/hr/offboarding,Employee exit process management,"Exit interviews, Asset return, Knowledge transfer, Final settlements, Compliance checks",Complete,Medium,admin|hr_manager,/api/hr/offboarding,/api/hr/offboarding/{id},offboarding|exit_interviews|asset_returns,100%
HR,Benefits Administration,/hr/benefits,Employee benefits management,"Benefits enrollment, Insurance management, Retirement plans, Benefits analytics, Cost tracking",Complete,Medium,admin|hr_manager|finance_manager,/api/hr/benefits,/api/hr/benefits/{id},benefits|insurance|retirement_plans,100%
HR,Workflow Automation,/hr/workflow,HR process automation,"Approval workflows, Automated notifications, Process tracking, Workflow analytics, Custom workflows",Complete,Medium,admin|hr_manager,/api/hr/workflow,/api/hr/automation,workflows|automation|process_tracking,100%
HR,HR Reports,/hr/reports,Comprehensive HR reporting,"HR analytics, Workforce reports, Compliance reports, Custom reports, Data export",Complete,Medium,admin|hr_manager,/api/hr/reports,/api/hr/analytics,hr_reports|workforce_analytics|compliance_reports,100%
IT Asset,IT Asset Dashboard,/assets,Main IT asset management dashboard,"Asset overview, Asset metrics, Maintenance alerts, Cost tracking, Asset analytics",Complete,High,admin|it_admin,/api/assets/dashboard,/api/assets/metrics,asset_dashboard|asset_metrics,100%
IT Asset,Asset Management,/assets/management,Complete IT asset lifecycle management,"Asset registration, Asset tracking, Asset assignment, Asset retirement, Asset history",Complete,High,admin|it_admin,/api/assets/management,/api/assets/{id},assets|asset_locations|asset_assignments,100%
IT Asset,Asset Tracking,/assets/tracking,Real-time asset tracking and monitoring,"GPS tracking, Location monitoring, Movement tracking, Asset status, Real-time alerts",Complete,High,admin|it_admin,/api/assets/tracking,/api/assets/location,asset_tracking|location_history|movement_logs,100%
IT Asset,Maintenance Management,/assets/maintenance,IT asset maintenance and servicing,"Maintenance schedules, Service records, Preventive maintenance, Repair tracking, Maintenance costs",Complete,High,admin|it_admin,/api/assets/maintenance,/api/assets/maintenance/{id},maintenance|service_records|maintenance_schedules,100%
IT Asset,Software Licenses,/assets/software,Software license management,"License tracking, Software inventory, License compliance, Renewal management, Cost optimization",Complete,Medium,admin|it_admin,/api/assets/software,/api/assets/licenses,software|licenses|license_compliance,100%
IT Asset,IT Inventory,/assets/inventory,IT inventory and stock management,"Hardware inventory, Software inventory, Spare parts, Stock levels, Procurement planning",Complete,Medium,admin|it_admin,/api/assets/inventory,/api/assets/stock,it_inventory|hardware|software|spare_parts,100%
IT Asset,Asset Reports,/assets/reports,IT asset reporting and analytics,"Asset reports, Cost analysis, Performance reports, Compliance reports, Custom analytics",Complete,Medium,admin|it_admin,/api/assets/reports,/api/assets/analytics,asset_reports|cost_analysis|performance_metrics,100%
IT Asset,System Management,/assets/system,System administration and monitoring,"System monitoring, Performance tracking, System health, Alert management, System logs",Complete,Medium,admin|it_admin,/api/assets/system,/api/assets/monitoring,system_management|monitoring|system_logs,100%
IT Asset,Access Management,/assets/access,IT access control and security,"Access control, User permissions, Security policies, Access logs, Compliance monitoring",Complete,High,admin|it_admin,/api/assets/access,/api/assets/security,access_control|user_permissions|security_logs,100%
IT Asset,Support Tickets,/assets/support,IT support ticket management,"Ticket creation, Ticket tracking, Priority management, Resolution tracking, Support analytics",Complete,Medium,admin|it_admin|customer_support,/api/assets/support,/api/assets/tickets,support_tickets|ticket_tracking|resolution_logs,100%
GST,GST Invoice,/gst,GST invoice generation and compliance,"GST invoice creation, Tax calculations, Compliance reporting, Invoice tracking, GST returns",Complete,High,admin|finance_manager,/api/gst/invoices,/api/gst/invoices/{id},gst_invoices|tax_calculations|compliance_reports,100%
GST,GST Returns,/gst/returns,GST return filing and compliance,"Return filing, Compliance tracking, Tax calculations, Filing status, Compliance reports",Complete,High,admin|finance_manager,/api/gst/returns,/api/gst/compliance,gst_returns|compliance_tracking|filing_status,100%
Business Intelligence,BI Dashboard,/business-intelligence,Business intelligence dashboard,"Data visualization, KPI dashboards, Real-time analytics, Custom reports, Interactive charts",Complete,Medium,admin|finance_manager|crm_manager,/api/bi/dashboard,/api/bi/analytics,bi_dashboard|data_visualization|kpi_widgets,100%
Business Intelligence,Custom Reports,/business-intelligence/reports,Custom report builder,"Report builder, Custom queries, Data export, Scheduled reports, Report sharing",Complete,Medium,admin|finance_manager|crm_manager,/api/bi/reports,/api/bi/queries,custom_reports|report_templates|scheduled_reports,100%
Business Intelligence,Real-time KPIs,/business-intelligence/kpis,Real-time KPI monitoring,"Real-time metrics, Performance tracking, Alert management, KPI dashboards, Trend analysis",Complete,Medium,admin|finance_manager|crm_manager,/api/bi/kpis,/api/bi/metrics,real_time_kpis|performance_tracking|alert_management,100%
Business Intelligence,Predictive Analytics,/business-intelligence/predictive,Predictive analytics and forecasting,"Predictive models, Forecasting, Trend analysis, Machine learning, Predictive insights",Complete,Medium,admin|finance_manager|crm_manager,/api/bi/predictive,/api/bi/forecasting,predictive_analytics|forecasting_models|trend_analysis,100%
Business Intelligence,Advanced BI,/business-intelligence/advanced,Advanced business intelligence,"Advanced analytics, Data mining, Statistical analysis, Custom algorithms, Advanced visualizations",Complete,Medium,admin|finance_manager|crm_manager,/api/bi/advanced,/api/bi/statistics,advanced_bi|data_mining|statistical_analysis,100%
Reports,Standard Reports,/reports,Standard reporting system,"Standard reports, Report templates, Data export, Report scheduling, Report distribution",Complete,Medium,admin|finance_manager|crm_manager|hr_manager,/api/reports/standard,/api/reports/templates,standard_reports|report_templates|scheduled_reports,100%
Reports,Advanced Reporting,/reports/advanced,Advanced reporting capabilities,"Advanced reports, Custom queries, Data analysis, Report automation, Advanced visualizations",Complete,Medium,admin|finance_manager|crm_manager|hr_manager,/api/reports/advanced,/api/reports/analysis,advanced_reports|custom_queries|data_analysis,100%
Automation,Workflow Automation,/automation,Process automation and workflow management,"Workflow design, Process automation, Task automation, Approval workflows, Automation analytics",Complete,Medium,admin|hr_manager|crm_manager,/api/automation/workflow,/api/automation/processes,workflow_automation|process_automation|task_automation,100%
Automation,Mobile Features,/mobile/features,Mobile application features,"Mobile app, Push notifications, Offline access, Mobile sync, Mobile analytics",Complete,Medium,admin|employee|crm_manager|sales_rep,/api/mobile/features,/api/mobile/sync,mobile_features|push_notifications|mobile_sync,100%
Automation,Advanced Integrations,/integrations/advanced,Third-party integrations,"API integrations, Data sync, Third-party connectors, Integration monitoring, Custom integrations",Complete,Medium,admin|it_admin,/api/integrations,/api/integrations/{id},integrations|api_connectors|data_sync,100%
File Management,File Management,/files,Document and file management system,"File upload, Document management, File sharing, Version control, File security",Complete,Medium,admin|hr_manager|employee|crm_manager|sales_rep,/api/files,/api/files/{id},files|documents|file_sharing|version_control,100%
User Management,User Management,/users,User account and permission management,"User accounts, Role management, Permission control, User profiles, Access management",Complete,High,admin,/api/users,/api/users/{id},users|user_roles|permissions|user_profiles,100%
Settings,Settings,/settings,System configuration and settings,"System settings, User preferences, Configuration management, System parameters, Customization options",Complete,Medium,admin|it_admin,/api/settings,/api/settings/{category},settings|user_preferences|system_config,100%
Customization,Theme Customization,/customization,UI/UX customization,"Theme management, Color schemes, Layout customization, Branding options, Custom CSS",Complete,Medium,admin|it_admin,/api/customization/theme,/api/customization/layout,theme_customization|color_schemes|layout_options,100%
Customization,Module Customization,/customization/modules,Module enablement and customization,"Module management, Feature toggles, Custom fields, Workflow customization, Module configuration",Complete,Medium,admin|it_admin,/api/customization/modules,/api/customization/features,module_customization|feature_toggles|custom_fields,100%
Security,Advanced Security,/security/advanced,Advanced security features,"Multi-factor authentication, Role-based access, Audit logging, Security monitoring, Compliance features",Complete,High,admin|it_admin,/api/security,/api/security/audit,security|mfa|audit_logs|compliance,100%
