Category,Sub_Category,Feature,Status,Completion_Percentage,Priority,Estimated_Effort,Assigned_To,Target_Date,Description,Technical_Details,Blockers,Dependencies
Backend Integration,API Endpoints,Analytics API Endpoints,Not Started,0%,High,2-3 days,Backend Team,2024-12-15,Backend routes need implementation for analytics data retrieval,Implement RESTful API endpoints for dashboard data,Database schema not finalized,Database setup
Backend Integration,API Endpoints,Real-time Data Sources,Not Started,0%,High,2-3 days,Backend Team,2024-12-15,Database connections for live data streaming,Set up real-time data pipelines and connections,Database connection issues,Database infrastructure
Backend Integration,API Endpoints,Report Generation API,Not Started,0%,High,3-4 days,Backend Team,2024-12-18,Backend report processing and generation,Implement report generation engine with scheduling,Report templates not defined,Analytics API endpoints
Backend Integration,API Endpoints,Data Export API,Not Started,0%,Medium,2-3 days,Backend Team,2024-12-20,Backend export functionality for reports,Implement export functionality (PDF, Excel, CSV),Export libraries not integrated,Report Generation API
Database Integration,Data Sources,Real Database Connections,In Progress,70%,High,1-2 days,Database Team,2024-12-12,Connect to real databases instead of mock data,Replace mock data with actual database queries,Database performance issues,Database setup
Database Integration,Data Sources,Data Aggregation,In Progress,60%,High,2-3 days,Database Team,2024-12-15,Backend data processing for reports,Implement data aggregation and processing logic,Complex aggregation queries,Real database connections
Database Integration,Data Sources,Historical Data Storage,In Progress,50%,Medium,2-3 days,Database Team,2024-12-18,Database storage for analytics and historical data,Set up data warehousing for historical analytics,Storage capacity planning,Data aggregation
Database Integration,Data Sources,Data Validation,Not Started,0%,Medium,1-2 days,Database Team,2024-12-20,Data quality validation and cleansing,Implement data validation rules and error handling,Validation rules not defined,Historical data storage
Database Integration,Data Sources,Query Optimization,Not Started,0%,Low,2-3 days,Database Team,2024-12-22,Optimize database queries for performance,Implement query optimization and indexing,Performance benchmarks not set,Data validation
Real-time Features,WebSocket Integration,WebSocket Server Setup,In Progress,50%,High,2-3 days,Backend Team,2024-12-15,Live data updates via WebSocket connections,Implement WebSocket server for real-time communication,WebSocket library not integrated,Analytics API endpoints
Real-time Features,WebSocket Integration,Live Data Updates,In Progress,40%,High,2-3 days,Backend Team,2024-12-18,Real-time dashboard refresh functionality,Implement live data streaming to frontend,Data streaming performance,WebSocket server setup
Real-time Features,WebSocket Integration,Real-time Dashboards,In Progress,30%,Medium,2-3 days,Frontend Team,2024-12-20,Live KPI updates on dashboard,Connect frontend to WebSocket for live updates,Frontend WebSocket integration,WebSocket server setup
Real-time Features,WebSocket Integration,Live Notifications,Not Started,0%,Medium,1-2 days,Backend Team,2024-12-22,Real-time alert system,Implement real-time notification system,Notification service not set up,Live data updates
Real-time Features,WebSocket Integration,Real-time Collaboration,Not Started,0%,Low,2-3 days,Backend Team,2024-12-25,Real-time collaboration features,Implement real-time collaboration tools,Collaboration requirements not defined,Live notifications
Performance Optimization,Caching,Data Caching,Not Started,0%,Medium,1-2 days,Backend Team,2024-12-20,Implement caching for improved performance,Set up Redis or similar caching system,Caching strategy not defined,Database optimization
Performance Optimization,Caching,Query Caching,Not Started,0%,Medium,1-2 days,Database Team,2024-12-22,Cache frequently used database queries,Implement query result caching,Query analysis not completed,Data caching
Performance Optimization,Caching,CDN Integration,Not Started,0%,Low,1-2 days,DevOps Team,2024-12-25,Content delivery network for static assets,Set up CDN for faster asset delivery,CDN provider not selected,Query caching
Security Implementation,Authentication,API Authentication,In Progress,60%,High,1-2 days,Security Team,2024-12-12,Secure API endpoints with authentication,Implement JWT authentication for API endpoints,Authentication tokens not configured,API endpoints
Security Implementation,Authentication,Authorization,In Progress,50%,High,1-2 days,Security Team,2024-12-15,Role-based access control for reports,Implement RBAC for report access,Permission matrix not defined,API authentication
Security Implementation,Authentication,Data Encryption,Not Started,0%,High,2-3 days,Security Team,2024-12-18,Encrypt sensitive data in transit and at rest,Implement data encryption for reports,Encryption keys not generated,Authorization
Security Implementation,Authentication,Audit Logging,Not Started,0%,Medium,1-2 days,Security Team,2024-12-20,Log all report access and modifications,Implement comprehensive audit logging,Logging framework not set up,Data encryption
Testing,Unit Testing,API Testing,Not Started,0%,Medium,2-3 days,QA Team,2024-12-20,Unit tests for API endpoints,Write comprehensive unit tests for all APIs,Testing framework not configured,API endpoints
Testing,Unit Testing,Database Testing,Not Started,0%,Medium,2-3 days,QA Team,2024-12-22,Test database connections and queries,Write tests for database operations,Test data not prepared,Database setup
Testing,Integration Testing,End-to-End Testing,Not Started,0%,Medium,3-4 days,QA Team,2024-12-25,End-to-end testing of reporting system,Test complete reporting workflow,Test scenarios not defined,Unit testing
Testing,Performance Testing,Load Testing,Not Started,0%,Low,2-3 days,QA Team,2024-12-28,Performance testing under load,Test system performance with multiple users,Load testing tools not set up,Integration testing
Documentation,API Documentation,API Documentation,Not Started,0%,Medium,1-2 days,Documentation Team,2024-12-20,Document all API endpoints,Create comprehensive API documentation,Documentation tool not selected,API endpoints
Documentation,API Documentation,Database Documentation,Not Started,0%,Medium,1-2 days,Documentation Team,2024-12-22,Document database schema and queries,Create database documentation,Schema documentation not started,Database setup
Documentation,API Documentation,User Guides,Not Started,0%,Low,2-3 days,Documentation Team,2024-12-25,User guides for reporting features,Create user documentation for reports,User requirements not gathered,API documentation
Deployment,Environment Setup,Production Environment,Not Started,0%,High,2-3 days,DevOps Team,2024-12-15,Set up production environment,Configure production servers and infrastructure,Infrastructure not provisioned,Environment setup
Deployment,Environment Setup,Staging Environment,Not Started,0%,Medium,1-2 days,DevOps Team,2024-12-18,Set up staging environment for testing,Configure staging environment,Staging infrastructure not ready,Production environment
Deployment,Environment Setup,CI/CD Pipeline,Not Started,0%,Medium,2-3 days,DevOps Team,2024-12-20,Continuous integration and deployment,Set up automated deployment pipeline,CI/CD tools not configured,Staging environment
Deployment,Environment Setup,Monitoring Setup,Not Started,0%,Low,1-2 days,DevOps Team,2024-12-22,Application monitoring and alerting,Set up monitoring for reporting system,Monitoring tools not selected,CI/CD pipeline
Data Migration,Data Import,Historical Data Import,Not Started,0%,High,3-4 days,Data Team,2024-12-15,Import historical data for analytics,Import existing data into new system,Data format compatibility issues,Database setup
Data Migration,Data Import,Data Validation,Not Started,0%,Medium,2-3 days,Data Team,2024-12-18,Validate imported data quality,Implement data validation for imported data,Validation rules not defined,Historical data import
Data Migration,Data Import,Data Cleansing,Not Started,0%,Medium,2-3 days,Data Team,2024-12-20,Clean and standardize imported data,Implement data cleansing processes,Cleansing rules not defined,Data validation
Data Migration,Data Import,Data Backup,Not Started,0%,High,1-2 days,Data Team,2024-12-12,Backup existing data before migration,Set up data backup procedures,Backup strategy not defined,Data import planning
Integration,Third-party,Analytics Integration,Not Started,0%,Medium,2-3 days,Integration Team,2024-12-20,Integrate with third-party analytics tools,Connect to external analytics platforms,Integration requirements not defined,API endpoints
Integration,Third-party,Export Services,Not Started,0%,Medium,1-2 days,Integration Team,2024-12-22,Integrate with export services,Connect to external export services,Service providers not selected,Data export API
Integration,Third-party,Notification Services,Not Started,0%,Low,1-2 days,Integration Team,2024-12-25,Integrate with notification services,Connect to external notification platforms,Service providers not selected,Live notifications
Integration,Third-party,Storage Services,Not Started,0%,Medium,1-2 days,Integration Team,2024-12-22,Integrate with cloud storage services,Connect to cloud storage for reports,Storage providers not selected,Data export API
Compliance,Data Privacy,GDPR Compliance,Not Started,0%,High,2-3 days,Compliance Team,2024-12-15,Ensure GDPR compliance for reports,Implement data privacy controls,Compliance requirements not defined,Data storage
Compliance,Data Privacy,Data Retention,Not Started,0%,Medium,1-2 days,Compliance Team,2024-12-18,Implement data retention policies,Set up automated data retention,Retention policies not defined,GDPR compliance
Compliance,Data Privacy,Audit Trails,Not Started,0%,Medium,1-2 days,Compliance Team,2024-12-20,Comprehensive audit trails for reports,Implement detailed audit logging,Audit requirements not defined,Data retention
Compliance,Data Privacy,Access Controls,Not Started,0%,High,1-2 days,Compliance Team,2024-12-12,Implement strict access controls,Set up role-based access controls,Access control matrix not defined,Audit trails
Mobile Support,Mobile Optimization,Mobile Dashboard,Not Started,0%,Medium,2-3 days,Mobile Team,2024-12-25,Optimize dashboards for mobile devices,Implement responsive design for mobile,Mobile requirements not defined,Real-time dashboards
Mobile Support,Mobile Optimization,Offline Reports,Not Started,0%,Low,2-3 days,Mobile Team,2024-12-28,Offline report viewing capability,Implement offline report storage,Offline storage strategy not defined,Mobile dashboard
Mobile Support,Mobile Optimization,Push Notifications,Not Started,0%,Low,1-2 days,Mobile Team,2024-12-30,Mobile push notifications for reports,Implement push notifications for mobile,Notification service not set up,Offline reports
Mobile Support,Mobile Optimization,Mobile Export,Not Started,0%,Low,1-2 days,Mobile Team,2024-12-30,Mobile-friendly export options,Implement mobile-optimized export,Export format requirements not defined,Push notifications
Accessibility,WCAG Compliance,Screen Reader Support,Not Started,0%,Medium,1-2 days,Accessibility Team,2024-12-25,Screen reader compatibility for reports,Implement ARIA labels and descriptions,Accessibility requirements not defined,Mobile optimization
Accessibility,WCAG Compliance,Keyboard Navigation,Not Started,0%,Medium,1-2 days,Accessibility Team,2024-12-28,Keyboard navigation for reports,Implement keyboard-only navigation,Keyboard navigation requirements not defined,Screen reader support
Accessibility,WCAG Compliance,Color Contrast,Not Started,0%,Low,1-2 days,Accessibility Team,2024-12-30,WCAG color contrast compliance,Ensure proper color contrast ratios,Color contrast requirements not defined,Keyboard navigation
Accessibility,WCAG Compliance,Focus Management,Not Started,0%,Low,1-2 days,Accessibility Team,2024-12-30,Proper focus management for reports,Implement proper focus indicators,Focus management requirements not defined,Color contrast
Internationalization,Multi-language,Report Translation,Not Started,0%,Low,2-3 days,Localization Team,2024-12-30,Multi-language support for reports,Implement report translation system,Translation requirements not defined,Accessibility compliance
Internationalization,Multi-language,Date Formatting,Not Started,0%,Low,1-2 days,Localization Team,2024-12-30,Localized date and time formatting,Implement locale-specific date formatting,Date format requirements not defined,Report translation
Internationalization,Multi-language,Number Formatting,Not Started,0%,Low,1-2 days,Localization Team,2024-12-30,Localized number formatting,Implement locale-specific number formatting,Number format requirements not defined,Date formatting
Internationalization,Multi-language,Currency Formatting,Not Started,0%,Low,1-2 days,Localization Team,2024-12-30,Localized currency formatting,Implement locale-specific currency formatting,Currency format requirements not defined,Number formatting 