Bug_ID,Module,Sub-Module,Feature,Bug_Description,Severity,Priority,Status,Assigned_To,Reported_Date,Resolved_Date,Resolution_Notes
BUG-001,CRM Portal,Leads Management,Lead Scoring,Advanced lead scoring algorithm not implemented,Medium,Medium,Open,Development Team,2024-12-01,,Pending backend integration
BUG-002,CRM Portal,Leads Management,Lead Import/Export,Backend API integration missing for import/export functionality,Medium,Medium,Open,Backend Team,2024-12-01,,API endpoints need implementation
BUG-003,CRM Portal,Customer Management,Contact Segmentation,Advanced AI-powered segmentation not working,Low,Low,Open,AI Team,2024-12-01,,AI model integration pending
BUG-004,CRM Portal,Customer Management,Contact Import/Export,File upload backend integration incomplete,Medium,Medium,Open,Backend Team,2024-12-01,,File storage system needed
BUG-005,CRM Portal,Customer Management,Contact Relationships,Complex relationship mapping has performance issues,Low,Low,Resolved,Frontend Team,2024-12-01,2024-12-02,Optimized rendering performance
BUG-006,CRM Portal,Account Management,Account Analytics,Advanced analytics dashboard loading slowly,Low,Low,Resolved,Frontend Team,2024-12-01,2024-12-02,Implemented lazy loading
BUG-007,CRM Portal,Opportunity Management,Sales Forecasting,Advanced forecasting models not integrated,Medium,Medium,Open,AI Team,2024-12-01,,ML model integration pending
BUG-008,CRM Portal,Opportunity Management,Sales Forecasting,Basic forecasting accuracy needs improvement,Low,Low,Open,Data Team,2024-12-01,,Data quality improvements needed
BUG-009,Backend Integration,Database Connection,API Endpoints,Authentication API endpoints not implemented,High,High,Open,Backend Team,2024-12-01,,Critical for production deployment
BUG-010,Backend Integration,Database Connection,API Endpoints,User management API incomplete,High,High,Open,Backend Team,2024-12-01,,User CRUD operations needed
BUG-011,Backend Integration,Database Connection,API Endpoints,File upload API missing,Medium,Medium,Open,Backend Team,2024-12-01,,File storage API needed
BUG-012,Backend Integration,Database Connection,API Endpoints,Real-time API endpoints not implemented,Medium,Medium,Open,Backend Team,2024-12-01,,WebSocket API needed
BUG-013,Backend Integration,Database Connection,API Endpoints,Data export API incomplete,Low,Low,Open,Backend Team,2024-12-01,,Export functionality needed
BUG-014,Backend Integration,Database Connection,Authentication System,JWT token validation not working,High,High,Open,Backend Team,2024-12-01,,Authentication critical for security
BUG-015,Backend Integration,Database Connection,Authentication System,Session management incomplete,Medium,Medium,Open,Backend Team,2024-12-01,,Session handling needed
BUG-016,Backend Integration,Database Connection,File Upload,File storage system not implemented,Medium,Medium,Open,Backend Team,2024-12-01,,Cloud storage integration needed
BUG-017,Backend Integration,Database Connection,File Upload,File validation incomplete,Low,Low,Open,Backend Team,2024-12-01,,File type validation needed
BUG-018,Backend Integration,Database Connection,Real-time Features,WebSocket connection not established,Medium,Medium,Open,Backend Team,2024-12-01,,Real-time communication needed
BUG-019,Backend Integration,Database Connection,Real-time Features,Live notifications not working,Medium,Medium,Open,Backend Team,2024-12-01,,Notification system needed
BUG-020,Backend Integration,Database Connection,Real-time Features,Real-time dashboard updates not functional,Low,Low,Open,Backend Team,2024-12-01,,Live data updates needed
BUG-021,Backend Integration,Database Connection,Real-time Features,Collaboration features not working,Low,Low,Open,Backend Team,2024-12-01,,Real-time collaboration needed
BUG-022,Backend Integration,Database Connection,Data Persistence,Database migration scripts incomplete,High,High,Open,Database Team,2024-12-01,,Production database setup needed
BUG-023,Backend Integration,Database Connection,Data Persistence,Data backup system not implemented,Medium,Medium,Open,Database Team,2024-12-01,,Backup automation needed
BUG-024,Frontend,UI Components,Responsive Design,Mobile navigation menu not working properly,Medium,Medium,Resolved,Frontend Team,2024-12-01,2024-12-02,Fixed mobile menu toggle
BUG-025,Frontend,UI Components,Responsive Design,Table layout breaks on small screens,Low,Low,Resolved,Frontend Team,2024-12-01,2024-12-02,Implemented responsive tables
BUG-026,Frontend,UI Components,Form Validation,Form validation errors not displaying properly,Low,Low,Resolved,Frontend Team,2024-12-01,2024-12-02,Fixed error message display
BUG-027,Frontend,UI Components,Loading States,Loading spinners not showing during API calls,Low,Low,Resolved,Frontend Team,2024-12-01,2024-12-02,Added loading states
BUG-028,Frontend,UI Components,Error Handling,Error boundaries not catching all errors,Low,Low,Resolved,Frontend Team,2024-12-01,2024-12-02,Improved error handling
BUG-029,Frontend,Performance,Bundle Size,JavaScript bundle size too large,Medium,Medium,Open,Frontend Team,2024-12-01,,Code splitting optimization needed
BUG-030,Frontend,Performance,Loading Speed,Initial page load time too slow,Medium,Medium,Open,Frontend Team,2024-12-01,,Performance optimization needed
BUG-031,Frontend,Performance,Memory Usage,Memory leaks in component lifecycle,Low,Low,Open,Frontend Team,2024-12-01,,Memory optimization needed
BUG-032,Frontend,Performance,Image Optimization,Images not optimized for web,Low,Low,Open,Frontend Team,2024-12-01,,Image compression needed
BUG-033,Security,Authentication,Login System,Password strength validation too weak,Medium,Medium,Open,Security Team,2024-12-01,,Enhanced password requirements needed
BUG-034,Security,Authentication,Login System,Brute force protection not implemented,High,High,Open,Security Team,2024-12-01,,Rate limiting needed
BUG-035,Security,Authorization,Role Management,Permission inheritance not working properly,Medium,Medium,Open,Security Team,2024-12-01,,Permission system fix needed
BUG-036,Security,Authorization,Access Control,API endpoint access control incomplete,High,High,Open,Security Team,2024-12-01,,API security implementation needed
BUG-037,Security,Data Protection,Encryption,Data encryption at rest not implemented,High,High,Open,Security Team,2024-12-01,,Database encryption needed
BUG-038,Security,Data Protection,Encryption,Data encryption in transit incomplete,Medium,Medium,Open,Security Team,2024-12-01,,HTTPS implementation needed
BUG-039,Security,Audit Logging,Activity Tracking,Audit logs not capturing all user actions,Medium,Medium,Open,Security Team,2024-12-01,,Comprehensive logging needed
BUG-040,Security,Audit Logging,Activity Tracking,Audit log retention policy not implemented,Low,Low,Open,Security Team,2024-12-01,,Log retention needed
BUG-041,Database,Performance,Query Optimization,Slow database queries affecting performance,Medium,Medium,Open,Database Team,2024-12-01,,Query optimization needed
BUG-042,Database,Performance,Indexing,Missing database indexes causing slow searches,Medium,Medium,Open,Database Team,2024-12-01,,Index optimization needed
BUG-043,Database,Data Integrity,Constraints,Foreign key constraints not properly enforced,Medium,Medium,Open,Database Team,2024-12-01,,Constraint implementation needed
BUG-044,Database,Data Integrity,Validation,Data validation rules not comprehensive,Low,Low,Open,Database Team,2024-12-01,,Validation rules needed
BUG-045,Database,Backup,Recovery,Automated backup system not implemented,Medium,Medium,Open,Database Team,2024-12-01,,Backup automation needed
BUG-046,Database,Backup,Recovery,Database recovery procedures not tested,Low,Low,Open,Database Team,2024-12-01,,Recovery testing needed
BUG-047,Testing,Unit Tests,Test Coverage,Unit test coverage below 80%,Medium,Medium,Open,QA Team,2024-12-01,,Test coverage improvement needed
BUG-048,Testing,Integration Tests,API Testing,API integration tests incomplete,Medium,Medium,Open,QA Team,2024-12-01,,API testing needed
BUG-049,Testing,End-to-End Tests,User Flows,Critical user flows not tested,Medium,Medium,Open,QA Team,2024-12-01,,E2E testing needed
BUG-050,Testing,Performance Tests,Load Testing,Load testing not performed,Low,Low,Open,QA Team,2024-12-01,,Performance testing needed
BUG-051,Deployment,Environment,Production Setup,Production environment not configured,High,High,Open,DevOps Team,2024-12-01,,Production deployment needed
BUG-052,Deployment,Environment,Staging Setup,Staging environment not available,Medium,Medium,Open,DevOps Team,2024-12-01,,Staging environment needed
BUG-053,Deployment,CI/CD,Pipeline,Continuous integration pipeline not set up,Medium,Medium,Open,DevOps Team,2024-12-01,,CI/CD pipeline needed
BUG-054,Deployment,CI/CD,Automation,Automated deployment not implemented,Medium,Medium,Open,DevOps Team,2024-12-01,,Deployment automation needed
BUG-055,Monitoring,Logging,Application Logs,Application logging not comprehensive,Medium,Medium,Open,DevOps Team,2024-12-01,,Logging implementation needed
BUG-056,Monitoring,Logging,Error Tracking,Error tracking system not integrated,Medium,Medium,Open,DevOps Team,2024-12-01,,Error tracking needed
BUG-057,Monitoring,Performance,APM,Application performance monitoring not set up,Low,Low,Open,DevOps Team,2024-12-01,,APM implementation needed
BUG-058,Monitoring,Performance,Alerts,Performance alerts not configured,Low,Low,Open,DevOps Team,2024-12-01,,Alert system needed
BUG-059,Documentation,User Guide,User Manual,User documentation incomplete,Low,Low,Open,Documentation Team,2024-12-01,,User guide needed
BUG-060,Documentation,Technical,API Documentation,API documentation missing,Medium,Medium,Open,Documentation Team,2024-12-01,,API docs needed
BUG-061,Documentation,Technical,Code Documentation,Code comments and documentation insufficient,Low,Low,Open,Development Team,2024-12-01,,Code documentation needed
BUG-062,Documentation,Technical,Architecture,System architecture documentation outdated,Low,Low,Open,Architecture Team,2024-12-01,,Architecture docs needed
BUG-063,Accessibility,WCAG Compliance,Screen Readers,Screen reader compatibility issues,Medium,Medium,Open,Accessibility Team,2024-12-01,,WCAG compliance needed
BUG-064,Accessibility,WCAG Compliance,Keyboard Navigation,Keyboard navigation not fully functional,Medium,Medium,Open,Accessibility Team,2024-12-01,,Keyboard support needed
BUG-065,Accessibility,WCAG Compliance,Color Contrast,Color contrast ratios not meeting WCAG standards,Low,Low,Open,Accessibility Team,2024-12-01,,Color contrast fix needed
BUG-066,Accessibility,WCAG Compliance,Focus Management,Focus management not properly implemented,Low,Low,Open,Accessibility Team,2024-12-01,,Focus management needed
BUG-067,Internationalization,Multi-language,Translation,Translation files incomplete,Medium,Medium,Open,Localization Team,2024-12-01,,Translation completion needed
BUG-068,Internationalization,Multi-language,Localization,Date and number formatting not localized,Low,Low,Open,Localization Team,2024-12-01,,Localization formatting needed
BUG-069,Internationalization,Multi-language,RTL Support,Right-to-left language support not implemented,Low,Low,Open,Localization Team,2024-12-01,,RTL support needed
BUG-070,Internationalization,Multi-language,Currency,Currency formatting not properly localized,Low,Low,Open,Localization Team,2024-12-01,,Currency localization needed
BUG-071,Mobile,PWA,Offline Support,Offline functionality not working,Medium,Medium,Open,Mobile Team,2024-12-01,,PWA offline support needed
BUG-072,Mobile,PWA,Push Notifications,Push notifications not working on mobile,Medium,Medium,Open,Mobile Team,2024-12-01,,Push notification implementation needed
BUG-073,Mobile,PWA,Installation,PWA installation not working properly,Low,Low,Open,Mobile Team,2024-12-01,,PWA installation fix needed
BUG-074,Mobile,PWA,Performance,Mobile performance optimization needed,Low,Low,Open,Mobile Team,2024-12-01,,Mobile optimization needed
BUG-075,Integration,Third-party,Email Service,Email service integration incomplete,Medium,Medium,Open,Integration Team,2024-12-01,,Email service setup needed
BUG-076,Integration,Third-party,Payment Gateway,Payment gateway integration not implemented,High,High,Open,Integration Team,2024-12-01,,Payment integration needed
BUG-077,Integration,Third-party,Analytics,Analytics integration not set up,Low,Low,Open,Integration Team,2024-12-01,,Analytics setup needed
BUG-078,Integration,Third-party,Storage,Cloud storage integration incomplete,Medium,Medium,Open,Integration Team,2024-12-01,,Cloud storage setup needed
BUG-079,Compliance,GDPR,Data Privacy,GDPR compliance features not implemented,High,High,Open,Compliance Team,2024-12-01,,GDPR compliance needed
BUG-080,Compliance,GDPR,Data Rights,Data subject rights not properly implemented,High,High,Open,Compliance Team,2024-12-01,,Data rights implementation needed
BUG-081,Compliance,GDPR,Consent Management,Consent management system not implemented,Medium,Medium,Open,Compliance Team,2024-12-01,,Consent management needed
BUG-082,Compliance,GDPR,Data Retention,Data retention policies not implemented,Medium,Medium,Open,Compliance Team,2024-12-01,,Retention policies needed
BUG-083,Compliance,SOX,Financial Controls,SOX compliance controls not implemented,High,High,Open,Compliance Team,2024-12-01,,SOX compliance needed
BUG-084,Compliance,SOX,Audit Trails,Financial audit trails not comprehensive,High,High,Open,Compliance Team,2024-12-01,,Audit trail implementation needed
BUG-085,Compliance,SOX,Access Controls,Financial access controls not properly implemented,High,High,Open,Compliance Team,2024-12-01,,Access control implementation needed
BUG-086,Compliance,SOX,Reporting,SOX compliance reporting not implemented,Medium,Medium,Open,Compliance Team,2024-12-01,,Compliance reporting needed
BUG-087,Performance,Frontend,Loading Speed,Initial page load time exceeds 3 seconds,High,High,Open,Performance Team,2024-12-01,,Performance optimization critical
BUG-088,Performance,Frontend,Bundle Size,JavaScript bundle size exceeds 2MB,Medium,Medium,Open,Performance Team,2024-12-01,,Bundle size optimization needed
BUG-089,Performance,Frontend,Memory Usage,Memory usage increases over time,Medium,Medium,Open,Performance Team,2024-12-01,,Memory leak investigation needed
BUG-090,Performance,Backend,Response Time,API response times exceed 2 seconds,High,High,Open,Performance Team,2024-12-01,,API performance optimization needed
BUG-091,Performance,Backend,Database Queries,Database queries taking too long to execute,High,High,Open,Performance Team,2024-12-01,,Query optimization critical
BUG-092,Performance,Backend,Concurrent Users,System cannot handle 100+ concurrent users,High,High,Open,Performance Team,2024-12-01,,Scalability improvements needed
BUG-093,Usability,User Experience,Navigation,Navigation is confusing for new users,Medium,Medium,Open,UX Team,2024-12-01,,Navigation improvement needed
BUG-094,Usability,User Experience,Forms,Form validation messages are unclear,Low,Low,Open,UX Team,2024-12-01,,Form UX improvement needed
BUG-095,Usability,User Experience,Error Messages,Error messages are not user-friendly,Low,Low,Open,UX Team,2024-12-01,,Error message improvement needed
BUG-096,Usability,User Experience,Loading States,Loading states are not informative,Low,Low,Open,UX Team,2024-12-01,,Loading state improvement needed
BUG-097,Data Quality,Data Validation,Input Validation,Input validation not comprehensive,Medium,Medium,Open,Data Team,2024-12-01,,Data validation improvement needed
BUG-098,Data Quality,Data Validation,Data Integrity,Data integrity checks not implemented,Medium,Medium,Open,Data Team,2024-12-01,,Data integrity implementation needed
BUG-099,Data Quality,Data Validation,Data Cleansing,Data cleansing processes not implemented,Low,Low,Open,Data Team,2024-12-01,,Data cleansing needed
BUG-100,Data Quality,Data Validation,Data Monitoring,Data quality monitoring not implemented,Low,Low,Open,Data Team,2024-12-01,,Data monitoring needed 