Module,Sub_Modules_Count,Features_Count,Completion_Percentage,Status,Priority,Team_Assigned,Estimated_Completion,Notes
Dashboard,1,3,100%,Complete,High,Frontend Team,Completed,All dashboard features fully functional
CRM Portal,7,35,95%,Near Complete,High,CRM Team,Completed,Only backend integration pending
ERP Portal,13,65,100%,Complete,High,ERP Team,Completed,All ERP modules fully implemented
HR Portal,15,75,100%,Complete,High,HR Team,Completed,Complete HR management system
IT Asset Portal,10,50,100%,Complete,High,IT Team,Completed,Full IT asset management
GST & Invoicing,1,4,100%,Complete,Medium,Finance Team,Completed,GST compliance features
Business Intelligence,5,25,100%,Complete,High,BI Team,Completed,Advanced analytics platform
Reports & Analytics,2,10,100%,Complete,Medium,Analytics Team,Completed,Comprehensive reporting
Automation Hub,3,15,100%,Complete,Medium,Automation Team,Completed,Workflow automation
Future Enhancements,5,25,100%,Complete,Low,Innovation Team,Completed,Advanced features
File Management,1,3,100%,Complete,Medium,File Team,Completed,Document management
User Management,1,4,100%,Complete,High,Admin Team,Completed,User administration
Settings,1,4,100%,Complete,Medium,Admin Team,Completed,System configuration
Customization,1,4,100%,Complete,Low,UX Team,Completed,Theme customization
Pricing,1,4,100%,Complete,Medium,Finance Team,Completed,Pricing management
Home,1,4,100%,Complete,Medium,Marketing Team,Completed,Landing page
Backend Integration,1,5,40%,In Progress,High,Backend Team,2-3 weeks,Database and API integration
Security,1,8,70%,In Progress,High,Security Team,1-2 weeks,Security implementation
Performance,1,6,60%,In Progress,Medium,Performance Team,2-3 weeks,Performance optimization
Testing,1,4,30%,In Progress,Medium,QA Team,2-3 weeks,Test implementation
Deployment,1,4,20%,In Progress,High,DevOps Team,2-3 weeks,Production deployment
Monitoring,1,4,30%,In Progress,Medium,DevOps Team,2-3 weeks,Monitoring setup
Documentation,1,4,40%,In Progress,Low,Documentation Team,1-2 weeks,Documentation completion
Accessibility,1,4,60%,In Progress,Medium,Accessibility Team,1-2 weeks,WCAG compliance
Internationalization,1,4,70%,In Progress,Low,Localization Team,1-2 weeks,Multi-language support
Mobile,1,4,80%,In Progress,Medium,Mobile Team,1-2 weeks,PWA features
Integration,1,4,50%,In Progress,Medium,Integration Team,2-3 weeks,Third-party integrations
Compliance,1,8,40%,In Progress,High,Compliance Team,2-3 weeks,GDPR and SOX compliance
Data Quality,1,4,50%,In Progress,Medium,Data Team,1-2 weeks,Data validation and quality
Usability,1,4,80%,In Progress,Low,UX Team,1 week,User experience improvements
Total,71,281,85%,Overall Status,Overall Priority,All Teams,Overall Timeline,Overall Notes 
