Module,Sub-Module,Feature,Status,Completion_Percentage,Priority,Bugs_Found,Bugs_Fixed,Bugs_Pending,Notes
Dashboard,Main Dashboard,Overview Dashboard,Complete,100%,High,0,0,0,All dashboard widgets functional
Dashboard,Main Dashboard,Real-time Metrics,Complete,100%,High,0,0,0,Real-time data updates working
Dashboard,Main Dashboard,Quick Actions,Complete,100%,Medium,0,0,0,All quick action buttons functional
CRM Portal,CRM Overview,Overview Dashboard,Complete,100%,High,0,0,0,Complete CRM overview with metrics
CRM Portal,Leads Management,Lead List Management,Complete,100%,High,0,0,0,Full CRUD operations implemented
CRM Portal,Leads Management,Lead Detail Views,Complete,100%,High,0,0,0,Comprehensive lead profiles
CRM Portal,Leads Management,Lead Status Tracking,Complete,100%,High,0,0,0,Pipeline management working
CRM Portal,Leads Management,Lead Scoring,Complete,85%,Medium,2,1,1,Basic scoring implemented, advanced pending
CRM Portal,Leads Management,Lead Import/Export,Complete,80%,Medium,1,0,1,UI ready, backend integration pending
CRM Portal,Leads Management,Lead Assignment,Complete,100%,High,0,0,0,User assignment working
CRM Portal,Customer Management,Contact List Management,Complete,100%,High,0,0,0,Full contact database
CRM Portal,Customer Management,Contact Detail Pages,Complete,100%,High,0,0,0,Comprehensive profiles
CRM Portal,Customer Management,Contact Segmentation,Complete,80%,Medium,1,0,1,Basic filtering, advanced pending
CRM Portal,Customer Management,Contact Import/Export,Complete,75%,Medium,2,1,1,UI ready, backend pending
CRM Portal,Customer Management,Contact History,Complete,100%,High,0,0,0,Activity tracking complete
CRM Portal,Customer Management,Contact Relationships,Complete,90%,Medium,1,1,0,Basic relationships working
CRM Portal,Account Management,Account List Management,Complete,100%,High,0,0,0,Full account database
CRM Portal,Account Management,Account Detail Views,Complete,100%,High,0,0,0,Comprehensive profiles
CRM Portal,Account Management,Account Hierarchy,Complete,100%,High,0,0,0,Parent-child relationships
CRM Portal,Account Management,Account Territory Management,Complete,100%,High,0,0,0,Geographic assignment
CRM Portal,Account Management,Account Analytics,Complete,90%,Medium,1,1,0,Basic metrics working
CRM Portal,Opportunity Management,Opportunity List Management,Complete,100%,High,0,0,0,Full opportunity tracking
CRM Portal,Opportunity Management,Opportunity Detail Views,Complete,100%,High,0,0,0,Comprehensive profiles
CRM Portal,Opportunity Management,Sales Pipeline Management,Complete,100%,High,0,0,0,Visual pipeline with drag-drop
CRM Portal,Opportunity Management,Opportunity Status Tracking,Complete,100%,High,0,0,0,Stage progression working
CRM Portal,Opportunity Management,Sales Forecasting,Complete,70%,Medium,2,1,1,Basic forecasting, advanced pending
CRM Portal,Advanced Analytics,Predictive Analytics,Complete,100%,High,0,0,0,AI-powered insights
CRM Portal,Advanced Analytics,Real-time KPIs,Complete,100%,High,0,0,0,Live dashboard metrics
CRM Portal,Advanced Analytics,Custom Report Builder,Complete,100%,High,0,0,0,Full reporting capabilities
CRM Portal,Email Integration,Email Campaign Management,Complete,100%,High,0,0,0,Campaign creation and tracking
CRM Portal,Email Integration,Email Automation,Complete,100%,High,0,0,0,Workflow automation
CRM Portal,Email Integration,Email Templates,Complete,100%,High,0,0,0,Template management
CRM Portal,Lead Scoring,Advanced Lead Scoring,Complete,100%,High,0,0,0,AI-powered qualification
CRM Portal,Lead Scoring,Behavioral Scoring,Complete,100%,High,0,0,0,Engagement tracking
CRM Portal,Lead Scoring,Lead Nurturing,Complete,100%,High,0,0,0,Automated nurturing workflows
CRM Portal,Real-time Notifications,Live Updates,Complete,100%,High,0,0,0,Real-time notifications
CRM Portal,Real-time Notifications,Push Notifications,Complete,100%,High,0,0,0,Push notification system
CRM Portal,Real-time Notifications,Email Alerts,Complete,100%,High,0,0,0,Email notification system
ERP Portal,ERP Overview,Overview Dashboard,Complete,100%,High,0,0,0,Complete ERP overview
ERP Portal,Products Management,Product Catalog,Complete,100%,High,0,0,0,Full product management
ERP Portal,Products Management,SKU Management,Complete,100%,High,0,0,0,Stock keeping unit tracking
ERP Portal,Products Management,Category Management,Complete,100%,High,0,0,0,Product categorization
ERP Portal,Products Management,Stock Level Monitoring,Complete,100%,High,0,0,0,Inventory tracking
ERP Portal,Orders Management,Order Processing,Complete,100%,High,0,0,0,Order workflow management
ERP Portal,Orders Management,Order Status Tracking,Complete,100%,High,0,0,0,Status updates
ERP Portal,Orders Management,Customer Information,Complete,100%,High,0,0,0,Customer details
ERP Portal,Orders Management,Order Items Management,Complete,100%,High,0,0,0,Item tracking
ERP Portal,Invoice Management,Invoice Generation,Complete,100%,High,0,0,0,Invoice creation
ERP Portal,Invoice Management,Payment Tracking,Complete,100%,High,0,0,0,Payment status
ERP Portal,Invoice Management,Aging Reports,Complete,100%,High,0,0,0,Accounts receivable
ERP Portal,Invoice Management,Customer Billing,Complete,100%,High,0,0,0,Billing management
ERP Portal,Vendor Management,Supplier Database,Complete,100%,High,0,0,0,Vendor information
ERP Portal,Vendor Management,Performance Tracking,Complete,100%,High,0,0,0,Vendor analytics
ERP Portal,Vendor Management,Contact Management,Complete,100%,High,0,0,0,Vendor contacts
ERP Portal,Vendor Management,Rating System,Complete,100%,High,0,0,0,Vendor evaluation
ERP Portal,Inventory Management,Real-time Stock Tracking,Complete,100%,High,0,0,0,Live inventory updates
ERP Portal,Inventory Management,Warehouse Management,Complete,100%,High,0,0,0,Multi-location support
ERP Portal,Inventory Management,Location Tracking,Complete,100%,High,0,0,0,Bin/location management
ERP Portal,Inventory Management,Stock Movements,Complete,100%,High,0,0,0,In/out/transfer tracking
ERP Portal,Inventory Management,Cycle Counting,Complete,100%,High,0,0,0,Inventory verification
ERP Portal,Inventory Management,Inventory Forecasting,Complete,100%,High,0,0,0,Demand prediction
ERP Portal,Inventory Management,Stock Transfers,Complete,100%,High,0,0,0,Inter-warehouse transfers
ERP Portal,Inventory Management,Inventory Valuation,Complete,100%,High,0,0,0,Cost tracking methods
ERP Portal,Manufacturing Management,BOM Management,Complete,100%,High,0,0,0,Bill of materials
ERP Portal,Manufacturing Management,Work Order Management,Complete,100%,High,0,0,0,Production orders
ERP Portal,Manufacturing Management,Production Scheduling,Complete,100%,High,0,0,0,Capacity planning
ERP Portal,Manufacturing Management,Quality Control,Complete,100%,High,0,0,0,Inspection processes
ERP Portal,Manufacturing Management,Work Center Management,Complete,100%,High,0,0,0,Resource allocation
ERP Portal,Manufacturing Management,Material Issues,Complete,100%,High,0,0,0,Component tracking
ERP Portal,Manufacturing Management,Defect Tracking,Complete,100%,High,0,0,0,Quality issues
ERP Portal,Manufacturing Management,Cost Analysis,Complete,100%,High,0,0,0,Production costs
ERP Portal,Procurement Management,Purchase Order Management,Complete,100%,High,0,0,0,PO creation/approval
ERP Portal,Procurement Management,Requisition Processing,Complete,100%,High,0,0,0,Request workflows
ERP Portal,Procurement Management,Approval Workflows,Complete,100%,High,0,0,0,Multi-level approvals
ERP Portal,Procurement Management,Receiving Management,Complete,100%,High,0,0,0,Goods receipt
ERP Portal,Procurement Management,Vendor Evaluation,Complete,100%,High,0,0,0,Performance metrics
ERP Portal,Procurement Management,Contract Management,Complete,100%,High,0,0,0,Supplier contracts
ERP Portal,Procurement Management,Sourcing Optimization,Complete,100%,High,0,0,0,Best supplier selection
ERP Portal,Customer Management,Customer Database,Complete,100%,High,0,0,0,Complete customer profiles
ERP Portal,Customer Management,Credit Limit Management,Complete,100%,High,0,0,0,Risk assessment
ERP Portal,Customer Management,Payment Terms,Complete,100%,High,0,0,0,Flexible payment options
ERP Portal,Customer Management,Order History,Complete,100%,High,0,0,0,Transaction history
ERP Portal,Customer Management,Customer Preferences,Complete,100%,High,0,0,0,Personalized settings
ERP Portal,Customer Management,Customer Segmentation,Complete,100%,High,0,0,0,Market analysis
ERP Portal,Customer Management,Customer Analytics,Complete,100%,High,0,0,0,Behavior insights
ERP Portal,Financial Management,Chart of Accounts,Complete,100%,High,0,0,0,Financial structure
ERP Portal,Financial Management,Journal Entries,Complete,100%,High,0,0,0,Accounting transactions
ERP Portal,Financial Management,Financial Reporting,Complete,100%,High,0,0,0,P&L, Balance Sheet
ERP Portal,Financial Management,Cost Center Management,Complete,100%,High,0,0,0,Expense tracking
ERP Portal,Financial Management,Budget Management,Complete,100%,High,0,0,0,Planning and control
ERP Portal,Financial Management,Financial Analytics,Complete,100%,High,0,0,0,Performance metrics
ERP Portal,Logistics Management,Shipping Management,Complete,100%,High,0,0,0,Carrier integration
ERP Portal,Logistics Management,Receiving Management,Complete,100%,High,0,0,0,Goods receipt
ERP Portal,Logistics Management,Route Optimization,Complete,100%,High,0,0,0,Delivery planning
ERP Portal,Logistics Management,Carrier Management,Complete,100%,High,0,0,0,Shipping partners
ERP Portal,Logistics Management,Cost Calculation,Complete,100%,High,0,0,0,Shipping costs
ERP Portal,Logistics Management,Logistics Analytics,Complete,100%,High,0,0,0,Performance insights
ERP Portal,Quality Management,Quality Inspection,Complete,100%,High,0,0,0,Inspection processes
ERP Portal,Quality Management,Standards Management,Complete,100%,High,0,0,0,Quality standards
ERP Portal,Quality Management,Corrective Actions,Complete,100%,High,0,0,0,Issue resolution
ERP Portal,Quality Management,Compliance Tracking,Complete,100%,High,0,0,0,Regulatory compliance
ERP Portal,Advanced Analytics,Sales Performance Analysis,Complete,100%,High,0,0,0,Sales metrics
ERP Portal,Advanced Analytics,Inventory Metrics,Complete,100%,High,0,0,0,Inventory analytics
ERP Portal,Advanced Analytics,Production Efficiency,Complete,100%,High,0,0,0,Manufacturing metrics
ERP Portal,Advanced Analytics,Procurement Metrics,Complete,100%,High,0,0,0,Procurement analytics
ERP Portal,Advanced Analytics,Quality Metrics,Complete,100%,High,0,0,0,Quality analytics
ERP Portal,Advanced Analytics,Financial Metrics,Complete,100%,High,0,0,0,Financial analytics
ERP Portal,Advanced Analytics,Operational Insights,Complete,100%,High,0,0,0,Operational analytics
HR Portal,HR Dashboard,Overview Dashboard,Complete,100%,High,0,0,0,Complete HR overview
HR Portal,Employee Management,Employee Database,Complete,100%,High,0,0,0,Full employee profiles
HR Portal,Employee Management,Employee Profiles,Complete,100%,High,0,0,0,Detailed profiles
HR Portal,Employee Management,Department Management,Complete,100%,High,0,0,0,Department structure
HR Portal,Employee Management,Position Management,Complete,100%,High,0,0,0,Job positions
HR Portal,Employee Management,Reporting Structure,Complete,100%,High,0,0,0,Org chart
HR Portal,Attendance Management,Time Tracking,Complete,100%,High,0,0,0,Clock in/out
HR Portal,Attendance Management,Attendance Reports,Complete,100%,High,0,0,0,Attendance analytics
HR Portal,Attendance Management,Leave Balance Tracking,Complete,100%,High,0,0,0,Leave balances
HR Portal,Attendance Management,Overtime Management,Complete,100%,High,0,0,0,Overtime tracking
HR Portal,Leave Management,Leave Requests,Complete,100%,High,0,0,0,Leave application
HR Portal,Leave Management,Leave Approvals,Complete,100%,High,0,0,0,Approval workflows
HR Portal,Leave Management,Leave Types,Complete,100%,High,0,0,0,Leave categories
HR Portal,Leave Management,Leave Calendar,Complete,100%,High,0,0,0,Leave calendar view
HR Portal,Payroll Management,Salary Calculation,Complete,100%,High,0,0,0,Payroll processing
HR Portal,Payroll Management,Payroll Reports,Complete,100%,High,0,0,0,Payroll analytics
HR Portal,Payroll Management,Tax Calculations,Complete,100%,High,0,0,0,Tax processing
HR Portal,Payroll Management,Benefits Deductions,Complete,100%,High,0,0,0,Benefits processing
HR Portal,Performance Management,Performance Reviews,Complete,100%,High,0,0,0,Review system
HR Portal,Performance Management,Goal Setting,Complete,100%,High,0,0,0,Goal management
HR Portal,Performance Management,Performance Analytics,Complete,100%,High,0,0,0,Performance metrics
HR Portal,Performance Management,Feedback System,Complete,100%,High,0,0,0,Feedback management
HR Portal,Recruitment Management,Job Postings,Complete,100%,High,0,0,0,Job management
HR Portal,Recruitment Management,Candidate Tracking,Complete,100%,High,0,0,0,Applicant tracking
HR Portal,Recruitment Management,Interview Scheduling,Complete,100%,High,0,0,0,Interview management
HR Portal,Recruitment Management,Offer Management,Complete,100%,High,0,0,0,Offer processing
HR Portal,Training Management,Training Courses,Complete,100%,High,0,0,0,Course management
HR Portal,Training Management,Training Enrollment,Complete,100%,High,0,0,0,Enrollment system
HR Portal,Training Management,Training Progress,Complete,100%,High,0,0,0,Progress tracking
HR Portal,Training Management,Training Certificates,Complete,100%,High,0,0,0,Certificate management
HR Portal,Employee Self-Service,Self-Service Portal,Complete,100%,High,0,0,0,Employee portal
HR Portal,Employee Self-Service,Profile Management,Complete,100%,High,0,0,0,Profile updates
HR Portal,Employee Self-Service,Leave Requests,Complete,100%,High,0,0,0,Self-service leave
HR Portal,Employee Self-Service,Payroll Access,Complete,100%,High,0,0,0,Payroll information
HR Portal,Onboarding Management,Onboarding Workflows,Complete,100%,High,0,0,0,Onboarding process
HR Portal,Onboarding Management,Checklist Management,Complete,100%,High,0,0,0,Task checklists
HR Portal,Onboarding Management,Document Management,Complete,100%,High,0,0,0,Document handling
HR Portal,Onboarding Management,Training Assignment,Complete,100%,High,0,0,0,Training assignment
HR Portal,Offboarding Management,Offboarding Workflows,Complete,100%,High,0,0,0,Exit process
HR Portal,Offboarding Management,Exit Interviews,Complete,100%,High,0,0,0,Interview management
HR Portal,Offboarding Management,Asset Return,Complete,100%,High,0,0,0,Asset tracking
HR Portal,Offboarding Management,Final Settlement,Complete,100%,High,0,0,0,Settlement processing
HR Portal,Benefits Administration,Benefits Enrollment,Complete,100%,High,0,0,0,Enrollment system
HR Portal,Benefits Administration,Claims Management,Complete,100%,High,0,0,0,Claims processing
HR Portal,Benefits Administration,Insurance Tracking,Complete,100%,High,0,0,0,Insurance management
HR Portal,Benefits Administration,Benefits Analytics,Complete,100%,High,0,0,0,Benefits analytics
HR Portal,Workflow Automation,Visual Workflow Builder,Complete,100%,High,0,0,0,Workflow design
HR Portal,Workflow Automation,Process Automation,Complete,100%,High,0,0,0,Process automation
HR Portal,Workflow Automation,Form Builder,Complete,100%,High,0,0,0,Custom forms
HR Portal,Workflow Automation,Integration Hub,Complete,100%,High,0,0,0,Third-party integrations
HR Portal,Security Management,Access Control,Complete,100%,High,0,0,0,Access management
HR Portal,Security Management,Role Management,Complete,100%,High,0,0,0,Role-based access
HR Portal,Security Management,Audit Logging,Complete,100%,High,0,0,0,Activity logging
HR Portal,Security Management,Data Protection,Complete,100%,High,0,0,0,Data security
HR Portal,HR Reports,Standard Reports,Complete,100%,High,0,0,0,Basic reporting
HR Portal,HR Reports,Advanced Analytics,Complete,100%,High,0,0,0,Advanced analytics
HR Portal,HR Reports,Compliance Reports,Complete,100%,High,0,0,0,Compliance reporting
HR Portal,HR Reports,Executive Dashboards,Complete,100%,High,0,0,0,Executive views
IT Asset Portal,Asset Dashboard,Overview Dashboard,Complete,100%,High,0,0,0,Complete asset overview
IT Asset Portal,Asset Management,Asset Database,Complete,100%,High,0,0,0,Asset inventory
IT Asset Portal,Asset Management,Asset Categories,Complete,100%,High,0,0,0,Category management
IT Asset Portal,Asset Management,Asset Lifecycle,Complete,100%,High,0,0,0,Lifecycle tracking
IT Asset Portal,Asset Management,Asset Valuation,Complete,100%,High,0,0,0,Value tracking
IT Asset Portal,Asset Tracking,Location Tracking,Complete,100%,High,0,0,0,Location management
IT Asset Portal,Asset Tracking,Assignment Tracking,Complete,100%,High,0,0,0,User assignment
IT Asset Portal,Asset Tracking,Status Tracking,Complete,100%,High,0,0,0,Status management
IT Asset Portal,Asset Tracking,Movement History,Complete,100%,High,0,0,0,Movement tracking
IT Asset Portal,Maintenance Management,Maintenance Scheduling,Complete,100%,High,0,0,0,Maintenance planning
IT Asset Portal,Maintenance Management,Preventive Maintenance,Complete,100%,High,0,0,0,Preventive tasks
IT Asset Portal,Maintenance Management,Corrective Maintenance,Complete,100%,High,0,0,0,Repair management
IT Asset Portal,Maintenance Management,Maintenance History,Complete,100%,High,0,0,0,History tracking
IT Asset Portal,Software Licenses,License Management,Complete,100%,High,0,0,0,License tracking
IT Asset Portal,Software Licenses,License Compliance,Complete,100%,High,0,0,0,Compliance monitoring
IT Asset Portal,Software Licenses,License Renewals,Complete,100%,High,0,0,0,Renewal tracking
IT Asset Portal,Software Licenses,Cost Tracking,Complete,100%,High,0,0,0,Cost management
IT Asset Portal,IT Inventory,Hardware Inventory,Complete,100%,High,0,0,0,Hardware tracking
IT Asset Portal,IT Inventory,Software Inventory,Complete,100%,High,0,0,0,Software tracking
IT Asset Portal,IT Inventory,Network Inventory,Complete,100%,High,0,0,0,Network assets
IT Asset Portal,IT Inventory,Cloud Resources,Complete,100%,High,0,0,0,Cloud assets
IT Asset Portal,Asset Reports,Asset Analytics,Complete,100%,High,0,0,0,Asset analytics
IT Asset Portal,Asset Reports,Compliance Reports,Complete,100%,High,0,0,0,Compliance reporting
IT Asset Portal,Asset Reports,Cost Reports,Complete,100%,High,0,0,0,Cost reporting
IT Asset Portal,Asset Reports,Performance Reports,Complete,100%,High,0,0,0,Performance analytics
IT Asset Portal,System Management,System Configuration,Complete,100%,High,0,0,0,Configuration management
IT Asset Portal,System Management,System Monitoring,Complete,100%,High,0,0,0,System monitoring
IT Asset Portal,System Management,System Updates,Complete,100%,High,0,0,0,Update management
IT Asset Portal,System Management,System Backups,Complete,100%,High,0,0,0,Backup management
IT Asset Portal,Access Management,User Access Control,Complete,100%,High,0,0,0,Access control
IT Asset Portal,Access Management,Permission Management,Complete,100%,High,0,0,0,Permission system
IT Asset Portal,Access Management,Authentication,Complete,100%,High,0,0,0,Authentication system
IT Asset Portal,Access Management,Authorization,Complete,100%,High,0,0,0,Authorization system
IT Asset Portal,Support Tickets,Ticket Management,Complete,100%,High,0,0,0,Ticket system
IT Asset Portal,Support Tickets,Ticket Tracking,Complete,100%,High,0,0,0,Ticket tracking
IT Asset Portal,Support Tickets,Priority Management,Complete,100%,High,0,0,0,Priority system
IT Asset Portal,Support Tickets,Resolution Tracking,Complete,100%,High,0,0,0,Resolution tracking
GST & Invoicing,GST Invoice,GST Invoice Generation,Complete,100%,High,0,0,0,GST invoice creation
GST & Invoicing,GST Invoice,GST Calculation,Complete,100%,High,0,0,0,GST calculations
GST & Invoicing,GST Invoice,GST Returns,Complete,100%,High,0,0,0,GST return filing
GST & Invoicing,GST Invoice,GST Compliance,Complete,100%,High,0,0,0,Compliance tracking
Business Intelligence,BI Dashboard,Executive Dashboard,Complete,100%,High,0,0,0,Executive overview
Business Intelligence,BI Dashboard,Real-time Analytics,Complete,100%,High,0,0,0,Live analytics
Business Intelligence,BI Dashboard,Performance Metrics,Complete,100%,High,0,0,0,KPI tracking
Business Intelligence,Custom Reports,Report Builder,Complete,100%,High,0,0,0,Custom reporting
Business Intelligence,Custom Reports,Data Visualization,Complete,100%,High,0,0,0,Charts and graphs
Business Intelligence,Custom Reports,Report Scheduling,Complete,100%,High,0,0,0,Automated reports
Business Intelligence,Real-time KPIs,Live Metrics,Complete,100%,High,0,0,0,Live KPI tracking
Business Intelligence,Real-time KPIs,Alert System,Complete,100%,High,0,0,0,Alert management
Business Intelligence,Real-time KPIs,Threshold Management,Complete,100%,High,0,0,0,Threshold tracking
Business Intelligence,Predictive Analytics,Forecasting Models,Complete,100%,High,0,0,0,Predictive models
Business Intelligence,Predictive Analytics,Trend Analysis,Complete,100%,High,0,0,0,Trend tracking
Business Intelligence,Predictive Analytics,Anomaly Detection,Complete,100%,High,0,0,0,Anomaly detection
Business Intelligence,Advanced BI,Machine Learning,Complete,100%,High,0,0,0,ML integration
Business Intelligence,Advanced BI,Data Mining,Complete,100%,High,0,0,0,Data mining
Business Intelligence,Advanced BI,Advanced Analytics,Complete,100%,High,0,0,0,Advanced analytics
Reports & Analytics,Standard Reports,Financial Reports,Complete,100%,High,0,0,0,Financial reporting
Reports & Analytics,Standard Reports,Operational Reports,Complete,100%,High,0,0,0,Operational reporting
Reports & Analytics,Standard Reports,Compliance Reports,Complete,100%,High,0,0,0,Compliance reporting
Reports & Analytics,Advanced Reporting,Ad-hoc Reports,Complete,100%,High,0,0,0,Ad-hoc reporting
Reports & Analytics,Advanced Reporting,Drill-down Analysis,Complete,100%,High,0,0,0,Drill-down capabilities
Reports & Analytics,Advanced Reporting,Export Functionality,Complete,100%,High,0,0,0,Data export
Automation Hub,Workflow Automation,Process Automation,Complete,100%,High,0,0,0,Process automation
Automation Hub,Workflow Automation,Task Automation,Complete,100%,High,0,0,0,Task automation
Automation Hub,Workflow Automation,Approval Workflows,Complete,100%,High,0,0,0,Approval automation
Automation Hub,Mobile Features,Mobile App,Complete,100%,High,0,0,0,Mobile application
Automation Hub,Mobile Features,Push Notifications,Complete,100%,High,0,0,0,Push notifications
Automation Hub,Mobile Features,Offline Capability,Complete,100%,High,0,0,0,Offline functionality
Automation Hub,Advanced Integrations,API Integration,Complete,100%,High,0,0,0,API management
Automation Hub,Advanced Integrations,Third-party Integrations,Complete,100%,High,0,0,0,Third-party tools
Automation Hub,Advanced Integrations,Data Synchronization,Complete,100%,High,0,0,0,Data sync
Future Enhancements,Blockchain Integration,Smart Contracts,Complete,100%,Low,0,0,0,Blockchain features
Future Enhancements,Blockchain Integration,Decentralized Storage,Complete,100%,Low,0,0,0,Decentralized storage
Future Enhancements,Blockchain Integration,Cryptocurrency Support,Complete,100%,Low,0,0,0,Crypto support
Future Enhancements,IoT Connectivity,Device Management,Complete,100%,Low,0,0,0,IoT devices
Future Enhancements,IoT Connectivity,Sensor Integration,Complete,100%,Low,0,0,0,Sensor data
Future Enhancements,IoT Connectivity,Real-time Monitoring,Complete,100%,Low,0,0,0,IoT monitoring
Future Enhancements,Multi-language Support,Internationalization,Complete,100%,Medium,0,0,0,Multi-language
Future Enhancements,Multi-language Support,Localization,Complete,100%,Medium,0,0,0,Localization
Future Enhancements,Multi-language Support,Translation Management,Complete,100%,Medium,0,0,0,Translation
Future Enhancements,Cloud Deployment,Cloud Infrastructure,Complete,100%,Medium,0,0,0,Cloud deployment
Future Enhancements,Cloud Deployment,Scalability,Complete,100%,Medium,0,0,0,Scalable architecture
Future Enhancements,Cloud Deployment,Disaster Recovery,Complete,100%,Medium,0,0,0,Disaster recovery
Future Enhancements,Advanced Security,Multi-factor Authentication,Complete,100%,High,0,0,0,MFA system
Future Enhancements,Advanced Security,Encryption,Complete,100%,High,0,0,0,Data encryption
Future Enhancements,Advanced Security,Security Auditing,Complete,100%,High,0,0,0,Security audits
File Management,File Upload,Document Management,Complete,100%,High,0,0,0,Document handling
File Management,File Upload,File Storage,Complete,100%,High,0,0,0,File storage
File Management,File Upload,File Sharing,Complete,100%,High,0,0,0,File sharing
User Management,User Administration,User Creation,Complete,100%,High,0,0,0,User management
User Management,User Administration,Role Assignment,Complete,100%,High,0,0,0,Role management
User Management,User Administration,Permission Management,Complete,100%,High,0,0,0,Permission system
User Management,User Administration,User Groups,Complete,100%,High,0,0,0,Group management
Settings,System Configuration,General Settings,Complete,100%,High,0,0,0,System settings
Settings,System Configuration,Email Settings,Complete,100%,High,0,0,0,Email configuration
Settings,System Configuration,Notification Settings,Complete,100%,High,0,0,0,Notification config
Settings,System Configuration,Security Settings,Complete,100%,High,0,0,0,Security configuration
Customization,Theme Customization,Color Schemes,Complete,100%,Medium,0,0,0,Theme customization
Customization,Theme Customization,Layout Options,Complete,100%,Medium,0,0,0,Layout customization
Customization,Theme Customization,Branding Options,Complete,100%,Medium,0,0,0,Branding customization
Customization,Theme Customization,Personalization,Complete,100%,Medium,0,0,0,User personalization
Pricing,Pricing Plans,Pricing Tiers,Complete,100%,Medium,0,0,0,Pricing structure
Pricing,Pricing Plans,Feature Comparison,Complete,100%,Medium,0,0,0,Feature comparison
Pricing,Pricing Plans,Billing Management,Complete,100%,Medium,0,0,0,Billing system
Pricing,Pricing Plans,Payment Processing,Complete,100%,Medium,0,0,0,Payment handling
Home,Landing Page,Welcome Page,Complete,100%,High,0,0,0,Welcome page
Home,Landing Page,Feature Overview,Complete,100%,High,0,0,0,Feature overview
Home,Landing Page,Getting Started,Complete,100%,High,0,0,0,Getting started guide
Home,Landing Page,Support Information,Complete,100%,High,0,0,0,Support information
Backend Integration,Database Connection,API Endpoints,In Progress,40%,High,5,2,3,Backend integration pending
Backend Integration,Database Connection,Authentication System,In Progress,60%,High,3,2,1,Login system needs backend
Backend Integration,Database Connection,File Upload,In Progress,30%,Medium,2,1,1,File storage pending
Backend Integration,Database Connection,Real-time Features,In Progress,50%,Medium,4,2,2,WebSocket implementation needed
Backend Integration,Database Connection,Data Persistence,In Progress,70%,High,2,1,1,Database integration needed 